timestamp,machine_id,temperature,vibration,spindle_rpm,motor_current,tool_wear,status
2026-09-30T10:28:54.634Z,CNC_01,58.99,0.497,2525.0,4.88,16.19,WARNING
2026-09-30T10:28:54.634Z,CNC_01,58.99,0.497,2525.0,4.88,16.19,WARNING
2026-09-30T10:28:56.635Z,CNC_01,50.69,0.448,2641.0,4.47,7.58,WARNING
2026-09-30T10:28:58.635Z,CNC_01,47.47,0.366,2534.0,3.99,16.99,NORMAL
2026-09-30T10:28:58.635Z,CNC_01,47.47,0.366,2534.0,3.99,16.99,NORMAL
2026-09-30T10:29:00.653Z,CNC_01,58.77,0.462,2616.0,4.18,5.89,WARNING
2026-09-30T10:29:00.653Z,CNC_01,58.77,0.462,2616.0,4.18,5.89,WARNING
2026-09-30T10:29:02.653Z,CNC_01,58.39,0.432,2672.0,3.34,9.3,WARNING
2026-09-30T10:29:02.653Z,CNC_01,58.39,0.432,2672.0,3.34,9.3,WARNING
2026-09-30T10:29:04.665Z,CNC_01,51.7,0.432,2525.0,5.83,14.96,WARNING
2026-09-30T10:29:04.665Z,CNC_01,51.7,0.432,2525.0,5.83,14.96,WARNING
2026-09-30T10:29:06.668Z,CNC_01,56.05,0.266,2494.0,3.4,22.43,WARNING
2026-09-30T10:29:06.668Z,CNC_01,56.05,0.266,2494.0,3.4,22.43,WARNING
2026-09-30T10:29:08.681Z,CNC_01,51.32,0.313,2566.0,5.39,10.42,NORMAL
2026-09-30T10:29:10.689Z,CNC_01,59.47,0.476,2512.0,3.99,7.31,WARNING
2026-09-30T10:29:10.689Z,CNC_01,59.47,0.476,2512.0,3.99,7.31,WARNING
2026-09-30T10:29:12.699Z,CNC_01,50.36,0.383,2448.0,4.03,7.93,NORMAL
2026-09-30T10:29:12.699Z,CNC_01,50.36,0.383,2448.0,4.03,7.93,NORMAL
2026-09-30T10:29:14.715Z,CNC_01,52.7,0.245,2680.0,3.94,14.66,NORMAL
2026-09-30T10:29:16.716Z,CNC_01,51.84,0.348,2491.0,3.81,19.13,NORMAL
2026-09-30T10:29:16.716Z,CNC_01,51.84,0.348,2491.0,3.81,19.13,NORMAL
2026-09-30T10:29:18.731Z,CNC_01,55.26,0.278,2644.0,4.93,9.12,WARNING
2026-09-30T10:29:18.731Z,CNC_01,55.26,0.278,2644.0,4.93,9.12,WARNING
2026-09-30T10:29:20.731Z,CNC_01,46.1,0.44,2504.0,5.55,17.08,WARNING
2026-09-30T10:29:22.732Z,CNC_01,56.96,0.491,2506.0,3.58,16.24,WARNING
2026-09-30T10:29:22.732Z,CNC_01,56.96,0.491,2506.0,3.58,16.24,WARNING
2026-09-30T10:29:24.733Z,CNC_01,55.69,0.267,2465.0,5.64,13.53,WARNING
2026-09-30T10:29:24.733Z,CNC_01,55.69,0.267,2465.0,5.64,13.53,WARNING
2026-09-30T10:29:26.733Z,CNC_01,51.58,0.391,2662.0,4.08,13.41,NORMAL
2026-09-30T10:29:26.733Z,CNC_01,51.58,0.391,2662.0,4.08,13.41,NORMAL
2026-09-30T10:29:28.733Z,CNC_01,46.58,0.393,2582.0,3.73,5.44,NORMAL
2026-09-30T10:29:28.733Z,CNC_01,46.58,0.393,2582.0,3.73,5.44,NORMAL
2026-09-30T10:29:30.734Z,CNC_01,58.77,0.404,2651.0,3.04,23.92,WARNING
2026-09-30T10:29:32.733Z,CNC_01,52.18,0.477,2452.0,4.89,19.09,WARNING
2026-09-30T10:29:32.733Z,CNC_01,52.18,0.477,2452.0,4.89,19.09,WARNING
2026-09-30T10:29:34.734Z,CNC_01,53.23,0.4,2611.0,3.52,9.89,NORMAL
2026-09-30T10:29:34.734Z,CNC_01,53.23,0.4,2611.0,3.52,9.89,NORMAL
2026-09-30T10:29:36.736Z,CNC_01,46.02,0.24,2448.0,4.53,15.08,NORMAL
2026-09-30T10:29:36.736Z,CNC_01,46.02,0.24,2448.0,4.53,15.08,NORMAL
2026-09-30T10:29:38.741Z,CNC_01,55.82,0.39,2635.0,5.25,12.56,WARNING
2026-09-30T10:29:38.741Z,CNC_01,55.82,0.39,2635.0,5.25,12.56,WARNING
2026-09-30T10:29:40.741Z,CNC_01,45.63,0.327,2681.0,3.36,11.57,NORMAL
2026-09-30T10:29:40.741Z,CNC_01,45.63,0.327,2681.0,3.36,11.57,NORMAL
2026-09-30T10:29:42.748Z,CNC_01,49.16,0.197,2474.0,4.65,18.35,NORMAL
2026-09-30T10:29:42.748Z,CNC_01,49.16,0.197,2474.0,4.65,18.35,NORMAL
2026-09-30T10:29:44.749Z,CNC_01,58.77,0.288,2401.0,4.07,17.63,WARNING
2026-09-30T10:29:44.749Z,CNC_01,58.77,0.288,2401.0,4.07,17.63,WARNING
2026-09-30T10:29:46.760Z,CNC_01,54.42,0.427,2567.0,4.7,22.88,WARNING
2026-09-30T10:29:46.760Z,CNC_01,54.42,0.427,2567.0,4.7,22.88,WARNING
2026-09-30T10:29:48.767Z,CNC_01,59.34,0.308,2560.0,5.25,5.94,WARNING
2026-09-30T10:29:48.767Z,CNC_01,59.34,0.308,2560.0,5.25,5.94,WARNING
2026-09-30T10:29:50.778Z,CNC_01,46.05,0.341,2565.0,5.98,14.51,WARNING
2026-09-30T10:29:50.778Z,CNC_01,46.05,0.341,2565.0,5.98,14.51,WARNING
2026-09-30T10:29:52.784Z,CNC_01,54.63,0.187,2419.0,3.69,19.97,NORMAL
2026-09-30T10:29:52.784Z,CNC_01,54.63,0.187,2419.0,3.69,19.97,NORMAL
2026-09-30T10:29:54.784Z,CNC_01,53.83,0.443,2455.0,4.16,9.35,WARNING
2026-09-30T10:29:54.784Z,CNC_01,53.83,0.443,2455.0,4.16,9.35,WARNING
2026-09-30T10:29:56.786Z,CNC_01,59.49,0.435,2439.0,5.5,16.92,WARNING
2026-09-30T10:29:56.786Z,CNC_01,59.49,0.435,2439.0,5.5,16.92,WARNING
2026-09-30T10:29:58.796Z,CNC_01,56.96,0.389,2690.0,5.92,14.16,WARNING
2026-09-30T10:29:58.796Z,CNC_01,56.96,0.389,2690.0,5.92,14.16,WARNING
2026-09-30T10:30:00.800Z,CNC_01,45.74,0.304,2601.0,3.7,22.95,WARNING
2026-09-30T10:30:00.800Z,CNC_01,45.74,0.304,2601.0,3.7,22.95,WARNING
2026-09-30T10:30:02.808Z,CNC_01,45.21,0.238,2441.0,4.79,12.63,NORMAL
2026-09-30T10:30:02.808Z,CNC_01,45.21,0.238,2441.0,4.79,12.63,NORMAL
2026-09-30T10:30:04.813Z,CNC_01,47.66,0.464,2699.0,5.31,18.3,WARNING
2026-09-30T10:30:04.813Z,CNC_01,47.66,0.464,2699.0,5.31,18.3,WARNING
2026-09-30T10:30:06.816Z,CNC_01,51.83,0.236,2491.0,4.68,9.51,NORMAL
2026-09-30T10:30:06.816Z,CNC_01,51.83,0.236,2491.0,4.68,9.51,NORMAL
2026-09-30T10:30:08.820Z,CNC_01,59.36,0.282,2606.0,3.68,15.28,WARNING
2026-09-30T10:30:08.820Z,CNC_01,59.36,0.282,2606.0,3.68,15.28,WARNING
2026-09-30T10:30:10.825Z,CNC_01,49.83,0.244,2554.0,3.79,13.18,NORMAL
2026-09-30T10:30:10.825Z,CNC_01,49.83,0.244,2554.0,3.79,13.18,NORMAL
2026-09-30T10:30:12.833Z,CNC_01,59.36,0.408,2492.0,4.96,11.36,WARNING
2026-09-30T10:30:12.833Z,CNC_01,59.36,0.408,2492.0,4.96,11.36,WARNING
2026-09-30T10:30:14.834Z,CNC_01,45.39,0.386,2476.0,3.48,7.21,NORMAL
2026-09-30T10:30:14.834Z,CNC_01,45.39,0.386,2476.0,3.48,7.21,NORMAL
2026-09-30T10:30:16.847Z,CNC_01,49.41,0.294,2638.0,5.38,14.12,NORMAL
2026-09-30T10:30:16.847Z,CNC_01,49.41,0.294,2638.0,5.38,14.12,NORMAL
2026-09-30T10:30:18.849Z,CNC_01,45.21,0.443,2488.0,3.5,14.12,WARNING
2026-09-30T10:30:18.849Z,CNC_01,45.21,0.443,2488.0,3.5,14.12,WARNING
2026-09-30T10:30:20.852Z,CNC_01,57.77,0.197,2552.0,4.19,14.04,WARNING
2026-09-30T10:30:20.852Z,CNC_01,57.77,0.197,2552.0,4.19,14.04,WARNING
2026-09-30T10:30:22.857Z,CNC_01,58.47,0.244,2421.0,3.06,10.9,WARNING
2026-09-30T10:30:22.857Z,CNC_01,58.47,0.244,2421.0,3.06,10.9,WARNING
2026-09-30T10:30:24.864Z,CNC_01,47.36,0.374,2515.0,5.22,9.48,NORMAL
2026-09-30T10:30:24.864Z,CNC_01,47.36,0.374,2515.0,5.22,9.48,NORMAL
2026-09-30T10:30:26.864Z,CNC_01,52.47,0.391,2664.0,4.26,23.46,WARNING
2026-09-30T10:30:26.864Z,CNC_01,52.47,0.391,2664.0,4.26,23.46,WARNING
2026-09-30T10:30:28.870Z,CNC_01,52.52,0.159,2545.0,4.79,15.15,NORMAL
2026-09-30T10:30:28.870Z,CNC_01,52.52,0.159,2545.0,4.79,15.15,NORMAL
2026-09-30T10:30:30.878Z,CNC_01,55.36,0.157,2688.0,5.03,10.28,WARNING
2026-09-30T10:30:30.878Z,CNC_01,55.36,0.157,2688.0,5.03,10.28,WARNING
2026-09-30T10:30:32.887Z,CNC_01,53.75,0.156,2459.0,3.91,5.24,NORMAL
2026-09-30T10:30:32.887Z,CNC_01,53.75,0.156,2459.0,3.91,5.24,NORMAL
2026-09-30T10:30:34.890Z,CNC_01,52.94,0.34,2409.0,5.98,18.29,WARNING
2026-09-30T10:30:34.890Z,CNC_01,52.94,0.34,2409.0,5.98,18.29,WARNING
2026-09-30T10:30:36.900Z,CNC_01,59.45,0.184,2552.0,5.0,23.56,WARNING
2026-09-30T10:30:36.900Z,CNC_01,59.45,0.184,2552.0,5.0,23.56,WARNING
2026-09-30T10:30:38.912Z,CNC_01,56.07,0.449,2541.0,4.71,18.51,WARNING
2026-09-30T10:30:38.912Z,CNC_01,56.07,0.449,2541.0,4.71,18.51,WARNING
2026-09-30T10:30:40.923Z,CNC_01,50.45,0.491,2439.0,5.67,20.64,WARNING
2026-09-30T10:30:40.923Z,CNC_01,50.45,0.491,2439.0,5.67,20.64,WARNING
2026-09-30T10:30:42.937Z,CNC_01,56.66,0.274,2476.0,3.77,14.47,WARNING
2026-09-30T10:30:42.937Z,CNC_01,56.66,0.274,2476.0,3.77,14.47,WARNING
2026-09-30T10:30:44.943Z,CNC_01,48.52,0.439,2560.0,3.79,8.01,WARNING
2026-09-30T10:30:44.943Z,CNC_01,48.52,0.439,2560.0,3.79,8.01,WARNING
2026-09-30T10:30:46.949Z,CNC_01,52.69,0.357,2625.0,4.56,9.21,NORMAL
2026-09-30T10:30:46.949Z,CNC_01,52.69,0.357,2625.0,4.56,9.21,NORMAL
2026-09-30T10:30:48.951Z,CNC_01,46.46,0.412,2631.0,4.52,8.89,WARNING
2026-09-30T10:30:50.964Z,CNC_01,57.52,0.459,2660.0,4.96,13.45,WARNING
2026-09-30T10:30:50.964Z,CNC_01,57.52,0.459,2660.0,4.96,13.45,WARNING
2026-09-30T10:30:52.975Z,CNC_01,55.83,0.258,2579.0,3.27,23.48,WARNING
2026-09-30T10:30:54.979Z,CNC_01,48.77,0.372,2541.0,4.05,19.1,NORMAL
2026-09-30T10:30:54.979Z,CNC_01,48.77,0.372,2541.0,4.05,19.1,NORMAL
2026-09-30T10:30:56.983Z,CNC_01,54.62,0.29,2535.0,5.98,14.34,WARNING
2026-09-30T10:30:56.983Z,CNC_01,54.62,0.29,2535.0,5.98,14.34,WARNING
2026-09-30T10:30:58.999Z,CNC_01,59.07,0.269,2570.0,5.3,6.32,WARNING
2026-09-30T10:30:58.999Z,CNC_01,59.07,0.269,2570.0,5.3,6.32,WARNING
2026-09-30T10:31:01.006Z,CNC_01,53.2,0.278,2655.0,3.68,15.46,NORMAL
2026-09-30T10:31:01.006Z,CNC_01,53.2,0.278,2655.0,3.68,15.46,NORMAL
2026-09-30T10:31:03.015Z,CNC_01,58.29,0.225,2598.0,4.84,6.45,WARNING
2026-09-30T10:31:03.015Z,CNC_01,58.29,0.225,2598.0,4.84,6.45,WARNING
2026-09-30T10:31:05.026Z,CNC_01,46.34,0.268,2593.0,3.04,21.34,WARNING
2026-09-30T10:31:05.026Z,CNC_01,46.34,0.268,2593.0,3.04,21.34,WARNING
2026-09-30T10:31:07.035Z,CNC_01,56.6,0.226,2523.0,3.98,18.2,WARNING
2026-09-30T10:31:07.035Z,CNC_01,56.6,0.226,2523.0,3.98,18.2,WARNING
2026-09-30T10:31:09.041Z,CNC_01,50.48,0.498,2475.0,3.45,10.27,WARNING
2026-09-30T10:31:09.041Z,CNC_01,50.48,0.498,2475.0,3.45,10.27,WARNING
2026-09-30T10:31:11.046Z,CNC_01,55.22,0.498,2480.0,5.63,8.3,WARNING
2026-09-30T10:31:11.046Z,CNC_01,55.22,0.498,2480.0,5.63,8.3,WARNING
2026-09-30T10:31:13.054Z,CNC_01,59.62,0.156,2437.0,5.04,20.63,WARNING
2026-09-30T10:31:15.059Z,CNC_01,53.23,0.425,2643.0,3.08,23.25,WARNING
2026-09-30T10:31:15.059Z,CNC_01,53.23,0.425,2643.0,3.08,23.25,WARNING
2026-09-30T10:31:17.060Z,CNC_01,55.84,0.377,2538.0,4.63,24.6,WARNING
2026-09-30T10:31:17.060Z,CNC_01,55.84,0.377,2538.0,4.63,24.6,WARNING
2026-09-30T10:31:19.064Z,CNC_01,59.54,0.362,2672.0,3.32,17.5,WARNING
2026-09-30T10:31:19.064Z,CNC_01,59.54,0.362,2672.0,3.32,17.5,WARNING
2026-09-30T10:31:21.067Z,CNC_01,59.68,0.154,2591.0,4.67,23.46,WARNING
2026-09-30T10:31:21.067Z,CNC_01,59.68,0.154,2591.0,4.67,23.46,WARNING
2026-09-30T10:31:23.073Z,CNC_01,51.68,0.408,2647.0,3.79,17.24,WARNING
2026-09-30T10:31:23.073Z,CNC_01,51.68,0.408,2647.0,3.79,17.24,WARNING
2026-09-30T10:31:25.095Z,CNC_01,59.07,0.248,2662.0,4.73,12.53,WARNING
2026-09-30T10:31:25.095Z,CNC_01,59.07,0.248,2662.0,4.73,12.53,WARNING
2026-09-30T10:31:27.100Z,CNC_01,59.72,0.218,2569.0,4.6,22.2,WARNING
2026-09-30T10:31:27.100Z,CNC_01,59.72,0.218,2569.0,4.6,22.2,WARNING
2026-09-30T10:31:29.100Z,CNC_01,47.97,0.154,2462.0,4.55,5.17,NORMAL
2026-09-30T10:31:31.106Z,CNC_01,54.99,0.188,2666.0,5.68,6.71,WARNING
2026-09-30T10:31:31.106Z,CNC_01,54.99,0.188,2666.0,5.68,6.71,WARNING
2026-09-30T10:31:33.114Z,CNC_01,55.51,0.159,2472.0,4.4,9.78,WARNING
2026-09-30T10:31:33.114Z,CNC_01,55.51,0.159,2472.0,4.4,9.78,WARNING
2026-09-30T10:31:35.123Z,CNC_01,52.12,0.484,2481.0,3.61,8.29,WARNING
2026-09-30T10:31:35.123Z,CNC_01,52.12,0.484,2481.0,3.61,8.29,WARNING
2026-09-30T10:31:37.131Z,CNC_01,48.59,0.397,2678.0,5.56,19.48,WARNING
2026-09-30T10:31:37.131Z,CNC_01,48.59,0.397,2678.0,5.56,19.48,WARNING
2026-09-30T10:31:39.135Z,CNC_01,58.36,0.195,2688.0,4.09,23.34,WARNING
2026-09-30T10:31:39.135Z,CNC_01,58.36,0.195,2688.0,4.09,23.34,WARNING
2026-09-30T10:31:41.141Z,CNC_01,45.32,0.409,2460.0,5.57,22.8,WARNING
2026-09-30T10:31:41.141Z,CNC_01,45.32,0.409,2460.0,5.57,22.8,WARNING
2026-09-30T10:31:43.146Z,CNC_01,47.99,0.339,2674.0,4.93,20.9,WARNING
2026-09-30T10:31:43.146Z,CNC_01,47.99,0.339,2674.0,4.93,20.9,WARNING
2026-09-30T10:31:45.160Z,CNC_01,55.64,0.386,2469.0,3.3,7.8,WARNING
2026-09-30T10:31:45.160Z,CNC_01,55.64,0.386,2469.0,3.3,7.8,WARNING
2026-09-30T10:31:47.170Z,CNC_01,58.3,0.173,2567.0,3.41,5.71,WARNING
2026-09-30T10:31:47.170Z,CNC_01,58.3,0.173,2567.0,3.41,5.71,WARNING
2026-09-30T10:31:49.178Z,CNC_01,48.47,0.306,2479.0,3.1,10.22,NORMAL
2026-09-30T10:31:49.178Z,CNC_01,48.47,0.306,2479.0,3.1,10.22,NORMAL
2026-09-30T10:31:51.184Z,CNC_01,46.03,0.411,2466.0,5.62,24.87,WARNING
2026-09-30T10:31:51.184Z,CNC_01,46.03,0.411,2466.0,5.62,24.87,WARNING
2026-09-30T10:31:53.188Z,CNC_01,59.7,0.454,2454.0,5.03,23.75,WARNING
2026-09-30T10:31:53.188Z,CNC_01,59.7,0.454,2454.0,5.03,23.75,WARNING
2026-09-30T10:31:55.201Z,CNC_01,45.56,0.304,2473.0,4.81,20.72,WARNING
2026-09-30T10:31:55.201Z,CNC_01,45.56,0.304,2473.0,4.81,20.72,WARNING
2026-09-30T10:31:57.204Z,CNC_01,46.13,0.328,2454.0,4.16,22.85,WARNING
2026-09-30T10:31:57.204Z,CNC_01,46.13,0.328,2454.0,4.16,22.85,WARNING
2026-09-30T10:31:59.210Z,CNC_01,54.08,0.156,2673.0,5.78,12.12,WARNING
2026-09-30T10:31:59.210Z,CNC_01,54.08,0.156,2673.0,5.78,12.12,WARNING
2026-09-30T10:32:01.225Z,CNC_01,57.98,0.373,2652.0,5.63,19.7,WARNING
2026-09-30T10:32:01.225Z,CNC_01,57.98,0.373,2652.0,5.63,19.7,WARNING
